model,seed,accuracy,macro_f1,balanced_accuracy
MobileNetV3-Small,42,0.9219,0.8995,0.8936
MobileNetV3-Small,1337,0.9219,0.8979,0.8912
MobileNetV3-Small,2026,0.9297,0.9091,0.9023
EfficientNet-B0,42,0.9297,0.9091,0.9023
EfficientNet-B0,1337,0.9219,0.8979,0.8912
EfficientNet-B0,2026,0.9219,0.9006,0.8936
ResNet18,42,0.9141,0.8899,0.8848
ResNet18,1337,0.9297,0.9094,0.9047
ResNet18,2026,0.9297,0.9105,0.9047
MobileNetV2,42,0.9219,0.8997,0.8959
MobileNetV2,1337,0.9219,0.8995,0.8936
MobileNetV2,2026,0.9297,0.9104,0.9070
